{
    "type": "origins:active_self",
    "entity_action": {
        "type": "origins:and",
        "actions": [
            {
                "type": "origins:apply_effect",
                "effect": {
                    "effect": "minecraft:speed",
                    "duration": 10,
                    "amplifier": 15,
                    "is_ambient": true,
                    "show_icon": true,
                    "show_particles": false
                }
            },
            {
                "type": "origins:add_velocity",
                "z": 2,
                "space": "local"
            },
            {
                "type": "origins:play_sound",
                "sound": "minecraft:entity.cat.hiss"
            }
        ]
    },
    "cooldown": 70,
    "hud_render": {
        "should_render": true,
        "sprite_location": "origins:textures/gui/community/spiderkolo/resource_bar_03.png",
        "bar_index": 16
    },
      "condition": {
        "type": "origins:and",
        "conditions": [
            {
                "type": "origins:fall_flying",
                "inverted": true
            },
            {
                "type": "origins:submerged_in",
                "fluid": "minecraft:water",
                "inverted": true
            },
            {
                "type": "origins:sneaking",
                "inverted": true
            }
        ]
    },
    "key": {
        "key": "key.origins.secondary_active"
    },
    "name": "Dash",
    "description": "Secondary Ability: You lunge in a direction, this also grants you the speed II effect."
}
