{
    "type": "origins:modify_damage_taken",
    "modifier": {
        "value": 1.2,
        "operation": "multiply_total"
    },
    "damage_condition": {
        "type": "origins:or",
        "conditions": [
            {
                "type": "origins:name",
                "name": "lava",
                "inverted": false
            },
            {
                "type": "origins:name",
                "name": "onFire",
                "inverted": false
            },
            {
                "type": "origins:name",
                "name": "inFire",
                "inverted": false
            },
            {
                "type": "origins:name",
                "name": "hotFloor",
                "inverted": false
            }
        ],
        "inverted": false
    },
    "hidden": true
}