{
  "type": "origins:restrict_armor",
  "name": "Buff Boi",
  "description": "Your Ninja skills are too good for weak armour so you can only wear the best,so you can only wear netherite and diamond armor.",
  "head": {
    "type": "origins:armor_value",
    "comparison": "<",
    "compare_to": 3
  },
  "chest": {
    "type": "origins:armor_value",
    "comparison": "<",
    "compare_to": 8
  },
  "legs": {
    "type": "origins:armor_value",
    "comparison": "<",
    "compare_to": 6
  },
  "feet": {
    "type": "origins:armor_value",
    "comparison": "<",
    "compare_to": 3
  }
}
