{
    "type": "origins:active_self",
    "name": "Warp Refraction",
    "description": "Primary Ability: By warping light in all directions, you can blind those in your immediate vicinity with a bright flash.",
    "hidden": false,
    "cooldown": 100,
    "entity_action":
    {
        "type": "origins:and",
        "actions": [
            {
                "type": "origins:execute_command",
                "permission_level": 4,
                "command": "effect give @e[distance=0.1..10] minecraft:blindness 10"
            },
            {
                "type": "origins:execute_command",
                "permission_level": 4,
                "command": "particle minecraft:flash ~ ~ ~ 0 0 0 0 1 normal"
            },
            {
                "type": "origins:execute_command",
                "permission_level": 4,
                "command": "particle minecraft:dust 5 5 5 .7 ~ ~1 ~ 1 1 1 1 25 normal"
            },
            {
                "type": "origins:play_sound",
                "sound": "entity.illusioner.prepare_mirror",
                "volume": 10,
                "pitch": 2
            }
        ]
    },
    "hud_render":
    {
        "should_render": true,
        "sprite_location": "origins:textures/gui/resource_bar.png",
        "bar_index": 5
    },
    "key": "key.y"
}
