{
	"type": "origins:stacking_status_effect",
	"min_stacks": 0,
	"max_stacks": 1,
	"duration_per_stack": 40,
	"effect": {
		"effect": "minecraft:speed",
		"amplifier": 2,
		"duration": 20,
		"is_ambient": true,
		"show_particles": false,
		"show_icon": true
	},
	"condition": {
		"type": "origins:on_block",
		"block_condition": {
			"type": "origins:block",
			"block": "minecraft:water"
		}
	},
	"name": "Water Boost",
	"description": "While on or in water, you are faster than normal"
}
