 {
	"powers": [
    "stealth:warp_refraction",
    "stealth:dash",
    "stealth:fall_immunity",
    "stealth:attack",
    "stealth:steal",
    "stealth:cold_feet",
    "stealth:water_boost",
    "stealth:mist_skin",
    "stealth:netherite",
    "stealth:fire",
    "stealth:fragile",
    "stealth:carnivore",
    "stealth:no_bows",
    "stealth:slowinnether"
	],
	"icon": "minecraft:iron_sword",
	"order": 11,
	"impact": 3,
	"name": "stealthninja",
	"description": "The Oldest warriors of Minecraft"
}
